class,GridEnvironment:,1,0
method,__init__,1,1
method,get_name,1,2
method,get_grid,1,3
method,get_row_col,1,4
method,get_start,1,5
method,reset,1,6
method,get_goal,1,7
method,get_grid_height,1,8
method,get_grid_width,1,9
method,get_actions,1,10
method,is_terminal,1,11
method,step,1,12
method,render,1,13
class,GridWorld(GridEnvironment):,2,0
method,__init__,2,1
class,QLearningAgent:,3,0
method,__init__,3,1
method,choose_action,3,2
method,update_q_table,3,3
method,estabilized,3,4
method,print_policy,3,5
method,run_episodes,3,6
method,train,3,7
method,test,3,8
